<?xml version="1.0" encoding="UTF-8" ?>
<!DOCTYPE mapper PUBLIC "-//mybatis.org//DTD Mapper 3.0//EN" "http://mybatis.org/dtd/mybatis-3-mapper.dtd" >
<mapper namespace="com.atao.mapper.AtaoUserMapper" >
  <resultMap id="BaseResultMap" type="com.atao.po.AtaoUser" >
    <id column="user_id" property="userId" jdbcType="INTEGER" />
    <result column="user_email" property="userEmail" jdbcType="VARCHAR" />
    <result column="user_phone" property="userPhone" jdbcType="INTEGER" />
    <result column="user_activecode" property="userActivecode" jdbcType="VARCHAR" />
    <result column="user_activestate" property="userActivestate" jdbcType="CHAR" />
    <result column="user_address" property="userAddress" jdbcType="VARCHAR" />
    <result column="user_username" property="userUsername" jdbcType="VARCHAR" />
    <result column="user_password" property="userPassword" jdbcType="VARCHAR" />
  </resultMap>
  <sql id="Example_Where_Clause" >
    <where >
      <foreach collection="oredCriteria" item="criteria" separator="or" >
        <if test="criteria.valid" >
          <trim prefix="(" suffix=")" prefixOverrides="and" >
            <foreach collection="criteria.criteria" item="criterion" >
              <choose >
                <when test="criterion.noValue" >
                  and ${criterion.condition}
                </when>
                <when test="criterion.singleValue" >
                  and ${criterion.condition} #{criterion.value}
                </when>
                <when test="criterion.betweenValue" >
                  and ${criterion.condition} #{criterion.value} and #{criterion.secondValue}
                </when>
                <when test="criterion.listValue" >
                  and ${criterion.condition}
                  <foreach collection="criterion.value" item="listItem" open="(" close=")" separator="," >
                    #{listItem}
                  </foreach>
                </when>
              </choose>
            </foreach>
          </trim>
        </if>
      </foreach>
    </where>
  </sql>
  <sql id="Update_By_Example_Where_Clause" >
    <where >
      <foreach collection="example.oredCriteria" item="criteria" separator="or" >
        <if test="criteria.valid" >
          <trim prefix="(" suffix=")" prefixOverrides="and" >
            <foreach collection="criteria.criteria" item="criterion" >
              <choose >
                <when test="criterion.noValue" >
                  and ${criterion.condition}
                </when>
                <when test="criterion.singleValue" >
                  and ${criterion.condition} #{criterion.value}
                </when>
                <when test="criterion.betweenValue" >
                  and ${criterion.condition} #{criterion.value} and #{criterion.secondValue}
                </when>
                <when test="criterion.listValue" >
                  and ${criterion.condition}
                  <foreach collection="criterion.value" item="listItem" open="(" close=")" separator="," >
                    #{listItem}
                  </foreach>
                </when>
              </choose>
            </foreach>
          </trim>
        </if>
      </foreach>
    </where>
  </sql>
  <sql id="Base_Column_List" >
    user_id, user_email, user_phone, user_activecode, user_activestate, user_address, 
    user_username, user_password
  </sql>
  <select id="selectByExample" resultMap="BaseResultMap" parameterType="com.atao.po.AtaoUserExample" >
    select
    <if test="distinct" >
      distinct
    </if>
    <include refid="Base_Column_List" />
    from atao_user
    <if test="_parameter != null" >
      <include refid="Example_Where_Clause" />
    </if>
    <if test="orderByClause != null" >
      order by ${orderByClause}
    </if>
  </select>
  <select id="selectByPrimaryKey" resultMap="BaseResultMap" parameterType="java.lang.Integer" >
    select 
    <include refid="Base_Column_List" />
    from atao_user
    where user_id = #{userId,jdbcType=INTEGER}
  </select>
  <delete id="deleteByPrimaryKey" parameterType="java.lang.Integer" >
    delete from atao_user
    where user_id = #{userId,jdbcType=INTEGER}
  </delete>
  <delete id="deleteByExample" parameterType="com.atao.po.AtaoUserExample" >
    delete from atao_user
    <if test="_parameter != null" >
      <include refid="Example_Where_Clause" />
    </if>
  </delete>
  <insert id="insert" parameterType="com.atao.po.AtaoUser" >
    insert into atao_user (user_id, user_email, user_phone, 
      user_activecode, user_activestate, user_address, 
      user_username, user_password)
    values (#{userId,jdbcType=INTEGER}, #{userEmail,jdbcType=VARCHAR}, #{userPhone,jdbcType=INTEGER}, 
      #{userActivecode,jdbcType=VARCHAR}, #{userActivestate,jdbcType=CHAR}, #{userAddress,jdbcType=VARCHAR}, 
      #{userUsername,jdbcType=VARCHAR}, #{userPassword,jdbcType=VARCHAR})
  </insert>
  <insert id="insertSelective" parameterType="com.atao.po.AtaoUser" >
    insert into atao_user
    <trim prefix="(" suffix=")" suffixOverrides="," >
      <if test="userId != null" >
        user_id,
      </if>
      <if test="userEmail != null" >
        user_email,
      </if>
      <if test="userPhone != null" >
        user_phone,
      </if>
      <if test="userActivecode != null" >
        user_activecode,
      </if>
      <if test="userActivestate != null" >
        user_activestate,
      </if>
      <if test="userAddress != null" >
        user_address,
      </if>
      <if test="userUsername != null" >
        user_username,
      </if>
      <if test="userPassword != null" >
        user_password,
      </if>
    </trim>
    <trim prefix="values (" suffix=")" suffixOverrides="," >
      <if test="userId != null" >
        #{userId,jdbcType=INTEGER},
      </if>
      <if test="userEmail != null" >
        #{userEmail,jdbcType=VARCHAR},
      </if>
      <if test="userPhone != null" >
        #{userPhone,jdbcType=INTEGER},
      </if>
      <if test="userActivecode != null" >
        #{userActivecode,jdbcType=VARCHAR},
      </if>
      <if test="userActivestate != null" >
        #{userActivestate,jdbcType=CHAR},
      </if>
      <if test="userAddress != null" >
        #{userAddress,jdbcType=VARCHAR},
      </if>
      <if test="userUsername != null" >
        #{userUsername,jdbcType=VARCHAR},
      </if>
      <if test="userPassword != null" >
        #{userPassword,jdbcType=VARCHAR},
      </if>
    </trim>
  </insert>
  <select id="countByExample" parameterType="com.atao.po.AtaoUserExample" resultType="java.lang.Integer" >
    select count(*) from atao_user
    <if test="_parameter != null" >
      <include refid="Example_Where_Clause" />
    </if>
  </select>
  <update id="updateByExampleSelective" parameterType="map" >
    update atao_user
    <set >
      <if test="record.userId != null" >
        user_id = #{record.userId,jdbcType=INTEGER},
      </if>
      <if test="record.userEmail != null" >
        user_email = #{record.userEmail,jdbcType=VARCHAR},
      </if>
      <if test="record.userPhone != null" >
        user_phone = #{record.userPhone,jdbcType=INTEGER},
      </if>
      <if test="record.userActivecode != null" >
        user_activecode = #{record.userActivecode,jdbcType=VARCHAR},
      </if>
      <if test="record.userActivestate != null" >
        user_activestate = #{record.userActivestate,jdbcType=CHAR},
      </if>
      <if test="record.userAddress != null" >
        user_address = #{record.userAddress,jdbcType=VARCHAR},
      </if>
      <if test="record.userUsername != null" >
        user_username = #{record.userUsername,jdbcType=VARCHAR},
      </if>
      <if test="record.userPassword != null" >
        user_password = #{record.userPassword,jdbcType=VARCHAR},
      </if>
    </set>
    <if test="_parameter != null" >
      <include refid="Update_By_Example_Where_Clause" />
    </if>
  </update>
  <update id="updateByExample" parameterType="map" >
    update atao_user
    set user_id = #{record.userId,jdbcType=INTEGER},
      user_email = #{record.userEmail,jdbcType=VARCHAR},
      user_phone = #{record.userPhone,jdbcType=INTEGER},
      user_activecode = #{record.userActivecode,jdbcType=VARCHAR},
      user_activestate = #{record.userActivestate,jdbcType=CHAR},
      user_address = #{record.userAddress,jdbcType=VARCHAR},
      user_username = #{record.userUsername,jdbcType=VARCHAR},
      user_password = #{record.userPassword,jdbcType=VARCHAR}
    <if test="_parameter != null" >
      <include refid="Update_By_Example_Where_Clause" />
    </if>
  </update>
  <update id="updateByPrimaryKeySelective" parameterType="com.atao.po.AtaoUser" >
    update atao_user
    <set >
      <if test="userEmail != null" >
        user_email = #{userEmail,jdbcType=VARCHAR},
      </if>
      <if test="userPhone != null" >
        user_phone = #{userPhone,jdbcType=INTEGER},
      </if>
      <if test="userActivecode != null" >
        user_activecode = #{userActivecode,jdbcType=VARCHAR},
      </if>
      <if test="userActivestate != null" >
        user_activestate = #{userActivestate,jdbcType=CHAR},
      </if>
      <if test="userAddress != null" >
        user_address = #{userAddress,jdbcType=VARCHAR},
      </if>
      <if test="userUsername != null" >
        user_username = #{userUsername,jdbcType=VARCHAR},
      </if>
      <if test="userPassword != null" >
        user_password = #{userPassword,jdbcType=VARCHAR},
      </if>
    </set>
    where user_id = #{userId,jdbcType=INTEGER}
  </update>
  <update id="updateByPrimaryKey" parameterType="com.atao.po.AtaoUser" >
    update atao_user
    set user_email = #{userEmail,jdbcType=VARCHAR},
      user_phone = #{userPhone,jdbcType=INTEGER},
      user_activecode = #{userActivecode,jdbcType=VARCHAR},
      user_activestate = #{userActivestate,jdbcType=CHAR},
      user_address = #{userAddress,jdbcType=VARCHAR},
      user_username = #{userUsername,jdbcType=VARCHAR},
      user_password = #{userPassword,jdbcType=VARCHAR}
    where user_id = #{userId,jdbcType=INTEGER}
  </update>
</mapper>