<?xml version="1.0" encoding="UTF-8" ?>
<!DOCTYPE mapper PUBLIC "-//mybatis.org//DTD Mapper 3.0//EN" "http://mybatis.org/dtd/mybatis-3-mapper.dtd" >
<mapper namespace="com.atao.mapper.ProductsclassMapper" >
  <resultMap id="BaseResultMap" type="com.atao.po.Productsclass" >
    <id column="type_id" property="typeId" jdbcType="INTEGER" />
    <result column="type_name" property="typeName" jdbcType="VARCHAR" />
  </resultMap>
  <sql id="Example_Where_Clause" >
    <where >
      <foreach collection="oredCriteria" item="criteria" separator="or" >
        <if test="criteria.valid" >
          <trim prefix="(" suffix=")" prefixOverrides="and" >
            <foreach collection="criteria.criteria" item="criterion" >
              <choose >
                <when test="criterion.noValue" >
                  and ${criterion.condition}
                </when>
                <when test="criterion.singleValue" >
                  and ${criterion.condition} #{criterion.value}
                </when>
                <when test="criterion.betweenValue" >
                  and ${criterion.condition} #{criterion.value} and #{criterion.secondValue}
                </when>
                <when test="criterion.listValue" >
                  and ${criterion.condition}
                  <foreach collection="criterion.value" item="listItem" open="(" close=")" separator="," >
                    #{listItem}
                  </foreach>
                </when>
              </choose>
            </foreach>
          </trim>
        </if>
      </foreach>
    </where>
  </sql>
  <sql id="Update_By_Example_Where_Clause" >
    <where >
      <foreach collection="example.oredCriteria" item="criteria" separator="or" >
        <if test="criteria.valid" >
          <trim prefix="(" suffix=")" prefixOverrides="and" >
            <foreach collection="criteria.criteria" item="criterion" >
              <choose >
                <when test="criterion.noValue" >
                  and ${criterion.condition}
                </when>
                <when test="criterion.singleValue" >
                  and ${criterion.condition} #{criterion.value}
                </when>
                <when test="criterion.betweenValue" >
                  and ${criterion.condition} #{criterion.value} and #{criterion.secondValue}
                </when>
                <when test="criterion.listValue" >
                  and ${criterion.condition}
                  <foreach collection="criterion.value" item="listItem" open="(" close=")" separator="," >
                    #{listItem}
                  </foreach>
                </when>
              </choose>
            </foreach>
          </trim>
        </if>
      </foreach>
    </where>
  </sql>
  <sql id="Base_Column_List" >
    type_id, type_name
  </sql>
  <select id="selectByExample" resultMap="BaseResultMap" parameterType="com.atao.po.ProductsclassExample" >
    select
    <if test="distinct" >
      distinct
    </if>
    <include refid="Base_Column_List" />
    from productsclass
    <if test="_parameter != null" >
      <include refid="Example_Where_Clause" />
    </if>
    <if test="orderByClause != null" >
      order by ${orderByClause}
    </if>
  </select>
  <select id="selectByPrimaryKey" resultMap="BaseResultMap" parameterType="java.lang.Integer" >
    select 
    <include refid="Base_Column_List" />
    from productsclass
    where type_id = #{typeId,jdbcType=INTEGER}
  </select>
  <delete id="deleteByPrimaryKey" parameterType="java.lang.Integer" >
    delete from productsclass
    where type_id = #{typeId,jdbcType=INTEGER}
  </delete>
  <delete id="deleteByExample" parameterType="com.atao.po.ProductsclassExample" >
    delete from productsclass
    <if test="_parameter != null" >
      <include refid="Example_Where_Clause" />
    </if>
  </delete>
  <insert id="insert" parameterType="com.atao.po.Productsclass" >
    insert into productsclass (type_id, type_name)
    values (#{typeId,jdbcType=INTEGER}, #{typeName,jdbcType=VARCHAR})
  </insert>
  <insert id="insertSelective" parameterType="com.atao.po.Productsclass" >
    insert into productsclass
    <trim prefix="(" suffix=")" suffixOverrides="," >
      <if test="typeId != null" >
        type_id,
      </if>
      <if test="typeName != null" >
        type_name,
      </if>
    </trim>
    <trim prefix="values (" suffix=")" suffixOverrides="," >
      <if test="typeId != null" >
        #{typeId,jdbcType=INTEGER},
      </if>
      <if test="typeName != null" >
        #{typeName,jdbcType=VARCHAR},
      </if>
    </trim>
  </insert>
  <select id="countByExample" parameterType="com.atao.po.ProductsclassExample" resultType="java.lang.Integer" >
    select count(*) from productsclass
    <if test="_parameter != null" >
      <include refid="Example_Where_Clause" />
    </if>
  </select>
  <select	id="selectlikeName" parameterType="java.lang.String" resultMap="BaseResultMap">
  	 
  	select type_id,type_name from productsclass where type_name like '%${value}%'
  	
  </select>
  <update id="updateByExampleSelective" parameterType="map" >
    update productsclass
    <set >
      <if test="record.typeId != null" >
        type_id = #{record.typeId,jdbcType=INTEGER},
      </if>
      <if test="record.typeName != null" >
        type_name = #{record.typeName,jdbcType=VARCHAR},
      </if>
    </set>
    <if test="_parameter != null" >
      <include refid="Update_By_Example_Where_Clause" />
    </if>
  </update>
  <update id="updateByExample" parameterType="map" >
    update productsclass
    set type_id = #{record.typeId,jdbcType=INTEGER},
      type_name = #{record.typeName,jdbcType=VARCHAR}
    <if test="_parameter != null" >
      <include refid="Update_By_Example_Where_Clause" />
    </if>
  </update>
  <update id="updateByPrimaryKeySelective" parameterType="com.atao.po.Productsclass" >
    update productsclass
    <set >
      <if test="typeName != null" >
        type_name = #{typeName,jdbcType=VARCHAR},
      </if>
    </set>
    where type_id = #{typeId,jdbcType=INTEGER}
  </update>
  <update id="updateByPrimaryKey" parameterType="com.atao.po.Productsclass" >
    update productsclass
    set type_name = #{typeName,jdbcType=VARCHAR}
    where type_id = #{typeId,jdbcType=INTEGER}
  </update>
</mapper>