<beans xmlns="http://www.springframework.org/schema/beans"
	xmlns:xsi="http://www.w3.org/2001/XMLSchema-instance" xmlns:mvc="http://www.springframework.org/schema/mvc"
	xmlns:context="http://www.springframework.org/schema/context"
	xmlns:aop="http://www.springframework.org/schema/aop" xmlns:tx="http://www.springframework.org/schema/tx"
	xmlns:util="http://www.springframework.org/schema/util"
	xsi:schemaLocation="http://www.springframework.org/schema/beans
		http://www.springframework.org/schema/beans/spring-beans-3.2.xsd 
		http://www.springframework.org/schema/mvc 
		http://www.springframework.org/schema/mvc/spring-mvc-3.2.xsd 
		http://www.springframework.org/schema/context 
		http://www.springframework.org/schema/context/spring-context-3.2.xsd 
		http://www.springframework.org/schema/aop 
		http://www.springframework.org/schema/aop/spring-aop-3.2.xsd 
		http://www.springframework.org/schema/tx 
		http://www.springframework.org/schema/tx/spring-tx-3.2.xsd http://www.springframework.org/schema/util http://www.springframework.org/schema/util/spring-util.xsd">


	<context:component-scan base-package="com.atao" />
	<context:property-placeholder location="classpath:conf/*.properties" />
	<mvc:annotation-driven/>
	<bean id="JSPViewResolver" class="org.springframework.web.servlet.view.InternalResourceViewResolver">
        <property name="viewClass" value="org.springframework.web.servlet.view.JstlView"/>
        <property name="viewNames" value="*jsp" />
        <property name="contentType" value="text/html; charset=utf-8"/>  
        <property name="prefix" value="/WEB-INF/html/" />
        <property name="suffix" value=".jsp" />
        <property name="order" value="1"></property>
    </bean>
	<bean	class="org.springframework.web.servlet.view.InternalResourceViewResolver">
		<property name="prefix" value="/WEB-INF/html/" />
		<property name="suffix" value=".html" />
		<property name="contentType" value="text/html"/>  
	</bean>	
	<mvc:default-servlet-handler />
	
	 


	<!--上传文件 
	<bean id="multipartResolver"
		class="org.springframework.web.multipart.commons.CommonsMultipartResolver" />-->

	
	


	
</beans>
